,a,b,sim_score
956,!,"""",0.09936365485191301
1203,!,$,0.072662904858589
181,!,',0.27859628200531
889,!,(,0.107938155531883
732,!,*,0.13002210855484
1113,!,+,0.08235947042703601
984,!,",",0.096859641373157
1051,!,-,0.088224917650222
250,!,.,0.24905627965927102
1071,!,/,0.086409360170364
2119,!,3,0.0013675000518560002
853,!,5,0.11316097527742301
1505,!,8,0.045073371380567
194,!,:,0.272198259830474
396,!,;,0.19415652751922602
809,!,=,0.11946564167737901
184,!,?,0.27775907516479403
1536,!,F,0.042687043547630005
1966,!,H,0.012129476293921
535,!,I,0.16249382495880102
753,!,J,0.12616619467735202
917,!,L,0.10462301969528101
1898,!,P,0.017110552638769
1375,!,T,0.05617767572402901
766,!,V,0.12427608668804101
869,!,X,0.11117664724588301
191,!,Y,0.273855060338974
1906,!,Z,0.016602292656898002
477,!,[,0.173355609178543
1082,!,\,0.08585476875305101
2085,!,b,0.0032583414576940004
2227,!,d,0.0
2226,!,e,0.0
2225,!,f,0.0
2224,!,g,0.0
2223,!,h,0.0
2222,!,i,0.0
2221,!,j,0.0
2287,!,k,0.0
2288,!,l,0.0
2289,!,m,0.0
2290,!,n,0.0
2356,!,o,0.0
2355,!,p,0.0
2354,!,q,0.0
2353,!,r,0.0
2352,!,s,0.0
2351,!,t,0.0
2350,!,u,0.0
2349,!,v,0.0
2348,!,w,0.0
2357,!,x,0.0
2347,!,y,0.0
2345,!,z,0.0
2344,!,{,0.0
2343,!,|,0.0
2342,!,},0.0
2341,!,~,0.0
2361,"""",!,0.0
1182,"""",#,0.075182154774665
920,"""",%,0.103912629187107
25,"""",',0.49731591343879705
1961,"""",(,0.012725387699902
368,"""",*,0.203132435679435
805,"""",+,0.12002317607402802
1929,"""",",",0.014915628358721001
312,"""",-,0.22130392491817402
467,"""",.,0.17491307854652402
1225,"""",/,0.07011738419532701
1280,"""",1,0.06495016813278101
1040,"""",7,0.08952833712100901
453,"""",:,0.17696468532085402
2113,"""",;,0.001593340188264
1999,"""",<,0.009855287149548001
589,"""",=,0.151530861854553
839,"""",C,0.11519665271043701
602,"""",F,0.15024113655090302
2018,"""",G,0.00787441059947
1607,"""",H,0.038016408681869
1173,"""",I,0.076337553560733
1691,"""",K,0.03194136917591
835,"""",M,0.11541202664375301
599,"""",N,0.150699794292449
364,"""",T,0.20629492402076702
1583,"""",U,0.039738282561302005
458,"""",V,0.176104128360748
245,"""",W,0.251974821090698
2036,"""",X,0.005747220478951
1724,"""",Y,0.029772574082016
1272,"""",[,0.06560119241476
1227,"""",\,0.07003763318061801
691,"""",c,0.136751160025596
2340,"""",d,0.0
2339,"""",e,0.0
2338,"""",f,0.0
2346,"""",g,0.0
2358,"""",h,0.0
2359,"""",i,0.0
2360,"""",j,0.0
2381,"""",k,0.0
2380,"""",l,0.0
2379,"""",m,0.0
2378,"""",n,0.0
2377,"""",o,0.0
2376,"""",p,0.0
2375,"""",q,0.0
2374,"""",r,0.0
2373,"""",s,0.0
2372,"""",t,0.0
2371,"""",u,0.0
2370,"""",v,0.0
2369,"""",w,0.0
2368,"""",x,0.0
2367,"""",y,0.0
2366,"""",z,0.0
2365,"""",{,0.0
2364,"""",|,0.0
2363,"""",},0.0
2362,"""",~,0.0
59,#,$,0.40439605712890603
282,#,%,0.23123966157436301
350,#,&,0.210081547498703
1840,#,(,0.020593684166669003
199,#,*,0.269409269094467
77,#,+,0.373684525489807
1576,#,-,0.040283445268869005
1087,#,.,0.085282705724239
1773,#,/,0.025948651134967003
229,#,4,0.257810860872268
1180,#,5,0.07525650411844201
896,#,6,0.107236646115779
1937,#,7,0.014292944222688002
1569,#,8,0.040589690208435
1774,#,9,0.025898784399032003
1238,#,:,0.068976581096649
344,#,<,0.212769076228141
394,#,=,0.19490335881710003
1390,#,>,0.055369846522808006
1168,#,A,0.076965942978858
520,#,B,0.16526848077774
895,#,C,0.10740356892347301
221,#,E,0.26011568307876504
862,#,F,0.112246356904506
1857,#,G,0.019648998975753
926,#,H,0.10327407717704701
1791,#,K,0.024695822969079
841,#,L,0.11487298458814602
1927,#,M,0.014986168593168002
1134,#,N,0.08034040033817201
1694,#,Q,0.031725130975246
1514,#,S,0.044253688305616004
1587,#,T,0.039687275886535006
2130,#,V,0.000912273302674
1608,#,W,0.03799383342266
1213,#,X,0.071371302008628
360,#,Z,0.207985520362854
1875,#,\,0.018715433776378
1860,#,b,0.019482620060443
1979,#,c,0.011205717921257002
2382,#,d,0.0
2337,#,e,0.0
2335,#,f,0.0
2309,#,g,0.0
2308,#,h,0.0
2307,#,i,0.0
2306,#,j,0.0
2305,#,k,0.0
2304,#,l,0.0
2303,#,m,0.0
2302,#,n,0.0
2301,#,o,0.0
2554,#,p,0.0
1341,$,%,0.059535562992095004
568,$,&,0.15530680119991302
561,$,*,0.15821035206317902
441,$,+,0.181480810046195
2137,$,",",0.00045348517596700003
1543,$,/,0.042387463152408
502,$,3,0.168158590793609
1870,$,4,0.018807005137205002
723,$,5,0.13116966187953902
779,$,6,0.12327138334512701
1088,$,8,0.085207469761371
1798,$,9,0.024260137230157002
843,$,:,0.11463136225938701
377,$,;,0.20108249783515902
1644,$,<,0.035297822207212004
1829,$,=,0.021627400070428
877,$,>,0.11005765199661201
1948,$,?,0.013470938429236001
1463,$,@,0.048877157270908
965,$,A,0.098194316029548
314,$,B,0.22103819251060403
1928,$,D,0.014937195926904002
142,$,E,0.30361819267272905
347,$,F,0.21105484664440102
830,$,G,0.11621620506048201
979,$,H,0.097161225974559
1786,$,P,0.025079602375626002
585,$,R,0.15195962786674502
27,$,S,0.48979586362838706
2073,$,W,0.003962536342442
1628,$,X,0.036294989287853005
1851,$,\,0.019992260262370002
1674,$,a,0.033486802130937
1219,$,b,0.07092082500457701
2555,$,p,0.0
625,%,&,0.147459223866462
1725,%,',0.029663380235433003
487,%,*,0.17121008038520802
1425,%,+,0.052114028483629005
1957,%,",",0.012828988954424001
2062,%,-,0.004462964832782
534,%,.,0.16297389566898302
403,%,/,0.19282402098178802
617,%,3,0.14854736626148202
909,%,4,0.10605846345424601
1005,%,5,0.094210743904113
669,%,6,0.140403538942337
1722,%,7,0.029790299013257002
1478,%,8,0.047655411064624
456,%,9,0.176490753889083
607,%,:,0.14991794526576901
919,%,;,0.104202523827552
506,%,<,0.16777744889259302
527,%,=,0.16433541476726501
992,%,>,0.09547601640224401
989,%,@,0.096044994890689
1861,%,B,0.019389696419239003
1606,%,C,0.038234159350395
2092,%,E,0.00276780873537
700,%,G,0.134718522429466
1421,%,M,0.05242748558521201
1261,%,N,0.06640226393938001
1130,%,Q,0.08048464357852901
1286,%,S,0.064484365284442
1503,%,U,0.045310705900192004
1269,%,V,0.065800815820693
1487,%,W,0.046797402203083004
1304,%,X,0.062284749001264
2029,%,Y,0.0062676575034850005
212,%,Z,0.264018774032592
852,%,\,0.113359227776527
755,%,a,0.126038208603858
1274,%,b,0.065405443310737
1719,%,c,0.029948834329843
339,&,*,0.215303510427474
2048,&,+,0.005104886367917
2084,&,0,0.003328157588839
1814,&,2,0.023101776838302
205,&,3,0.267914652824401
1302,&,6,0.06275533139705601
146,&,8,0.30254030227661105
420,&,9,0.18874248862266502
1424,&,;,0.052120447158813005
36,&,<,0.44800275564193703
983,&,=,0.09689868986606501
192,&,>,0.273649156093597
104,&,@,0.34083059430122303
331,&,A,0.216901987791061
459,&,B,0.17555721104145
1516,&,E,0.044208742678165006
1002,&,G,0.094278402626514
1488,&,I,0.046747967600822005
584,&,K,0.15197785198688502
1639,&,N,0.035419303923845
706,&,O,0.13432748615741702
1523,&,P,0.043672613799571006
168,&,Q,0.28756618499755804
74,&,R,0.378756254911422
231,&,S,0.25676694512367204
288,&,W,0.22923713922500602
105,&,X,0.340725839138031
1661,&,\,0.034681446850299
102,&,a,0.341439962387084
1975,',(,0.011405791155993002
526,',*,0.16444817185401903
1030,',+,0.09032379090785901
111,',",",0.328963935375213
198,',-,0.269526600837707
252,',.,0.24828790128231001
1212,',/,0.07183253765106201
1594,',1,0.039025362581014
1459,',5,0.049052745103836004
925,',7,0.10333269834518401
562,',:,0.15807917714118902
1007,',;,0.09402862936258301
2000,',<,0.009787557646632
1081,',=,0.085928089916706
464,',?,0.175183117389678
1253,',C,0.06724669784307401
999,',F,0.094665415585041
1310,',I,0.061796810477972
1936,',J,0.014296028763055002
941,',T,0.101417489349842
648,',V,0.14373630285263
2063,',W,0.0043917559087270006
929,',Y,0.10280367732048001
1981,',[,0.011062987148761002
1386,',\,0.055547848343849
883,',c,0.109695017337799
411,(,),0.190570309758186
2042,(,*,0.005454162135720001
1995,(,+,0.010148210451006001
1688,(,",",0.032222103327512006
831,(,.,0.11593522131443001
432,(,/,0.18550412356853402
1577,(,1,0.040225669741630006
1686,(,2,0.032267592847347
587,(,4,0.15166004002094202
1189,(,5,0.07438465952873201
196,(,6,0.27104490995407104
1032,(,:,0.090185523033142
2134,(,;,0.0006435327231880001
914,(,<,0.105848357081413
53,(,C,0.41956719756126404
559,(,G,0.158487871289253
754,(,I,0.126153364777565
736,(,J,0.12927329540252602
1901,(,K,0.017029464244842002
793,(,L,0.121862515807151
1036,(,T,0.08992248773574801
1498,(,V,0.04584937915205901
1967,(,X,0.011871001683175002
1518,(,Y,0.044006526470184
1625,(,Z,0.036407802253961
13,(,[,0.5394046902656551
1678,(,\,0.032992325723171005
1170,(,],0.076722890138626
219,(,c,0.261219441890716
1495,),.,0.046093307435512
721,),/,0.13118952512741
417,),0,0.18942223489284502
647,),1,0.143900528550148
1378,),2,0.055987667292356005
817,),3,0.11804700642824101
867,),7,0.111370369791984
1258,),8,0.066790014505386
1315,),9,0.061441488564014005
703,),:,0.13455495238304102
261,),;,0.242871761322021
307,),>,0.222576171159744
915,),?,0.10540073364973
522,),@,0.16504618525505002
1317,),B,0.061291240155696
1078,),D,0.086007751524448
851,),G,0.113405592739582
452,),I,0.17709583044052102
665,),J,0.141262173652648
362,),O,0.207524970173835
1015,),P,0.093329235911369
1511,),R,0.044450044631958
971,),S,0.097782343626022
2049,),T,0.004956152290105
975,),\,0.097606889903545
28,),],0.46897229552268904
729,),a,0.13055440783500602
2072,),b,0.0040734959766260005
51,*,+,0.425003975629806
1679,*,",",0.032969262450933005
479,*,-,0.172997176647186
418,*,.,0.189321726560592
1916,*,/,0.015793088823556
1392,*,0,0.055148966610431005
717,*,4,0.131675735116004
1276,*,6,0.065268099308013
1257,*,8,0.06693322956562
1652,*,9,0.034879684448242
532,*,:,0.163459688425064
2071,*,;,0.004076589830219001
324,*,<,0.21843852102756503
1012,*,=,0.093626141548156
997,*,A,0.094898164272308
1621,*,F,0.036903597414493006
1867,*,G,0.019012978300452
842,*,I,0.11471711844205801
718,*,K,0.131484672427177
1971,*,M,0.011608704924583001
1129,*,N,0.08057464659214
1485,*,Q,0.046921115368604
1820,*,R,0.022570911794900003
2144,*,S,9.991694241762161e-06
1223,*,T,0.070524759590625
1376,*,V,0.05604605749249401
731,*,X,0.130117341876029
1731,*,Y,0.028983149677515002
1542,*,[,0.042420748621225
1603,*,\,0.03857285529375
1693,*,a,0.031797032803297
1493,*,b,0.04623588919639501
145,+,-,0.302812010049819
1177,+,.,0.07567052543163301
1923,+,/,0.015163275413215
88,+,4,0.36172729730606
1183,+,5,0.074955895543098
1922,+,6,0.015170501545071002
1316,+,<,0.061360001564025005
662,+,=,0.141611918807029
1001,+,A,0.09431888163089701
913,+,C,0.10584854334592801
1085,+,E,0.08557272702455501
374,+,F,0.20172888040542603
1103,+,H,0.083261221647262
2046,+,K,0.005246061831712
659,+,L,0.141841530799865
944,+,M,0.101192779839038
1052,+,N,0.08819064497947601
2034,+,Q,0.0059476196765890004
1174,+,T,0.076293490827083
1369,+,Z,0.0566674657166
1912,+,[,0.016277883201837002
1515,+,b,0.044238302856683
1412,+,c,0.05387964099645601
1053,",",-,0.088150352239608
99,",",.,0.343938291072845
1915,",",/,0.015889015048742003
2106,",",0,0.0018807444721460002
2059,",",2,0.004557857289910001
1864,",",3,0.019161639735102
1470,",",5,0.048213358968496
1876,",",6,0.018657620996236003
1890,",",7,0.017655830830335003
2013,",",8,0.008280243724584
1509,",",9,0.044779650866985
1415,",",:,0.053207457065582005
517,",",;,0.165767282247543
1646,",",=,0.035206131637096
1913,",",>,0.016058260574936003
834,",",?,0.11569733917713101
1982,",",@,0.011021381244063001
1482,",",C,0.047292768955230005
1453,",",G,0.049688283354043
1963,",",H,0.012448487803339
1775,",",I,0.025876712054014
1077,",",J,0.08606138825416501
1584,",",O,0.039718523621559004
1348,",",S,0.058817714452743
1785,",",T,0.025221394374966
2140,",",W,0.00030839047394600003
1565,",",Y,0.040779355913400005
1486,",",[,0.046842277050018005
1962,",",],0.012647379189729
1512,",",b,0.044409498572349
1086,",",c,0.08552393317222501
69,-,.,0.39185231924057
1610,-,/,0.037746027112007
1715,-,1,0.030172184109687004
2077,-,4,0.0036629787646230002
2081,-,5,0.003381717950105
1671,-,7,0.033932860940694004
1974,-,9,0.011405835859477001
376,-,:,0.201518505811691
470,-,<,0.17452888190746302
16,-,=,0.519137382507324
1000,-,A,0.09450012445449801
1188,-,C,0.074555002152919
1480,-,F,0.047499578446149
1537,-,H,0.042677368968725
1743,-,L,0.027868634089827003
1837,-,M,0.021028634160757002
763,-,N,0.124475508928298
2091,-,T,0.0028304699808350004
1863,-,Y,0.019201584160327002
1954,-,Z,0.012950683012604
1033,-,\,0.09012780338525701
2090,-,b,0.0029213149100540004
888,-,c,0.108435116708278
1457,.,/,0.049356441944837
1239,.,0,0.068726621568202
1436,.,2,0.051164746284484
987,.,4,0.09625039249658501
1201,.,7,0.072904407978057
1388,.,8,0.055476132780313006
10,.,:,0.576774001121521
668,.,;,0.140452206134796
1384,.,<,0.055624611675739004
294,.,=,0.22646343708038302
1070,.,?,0.08662081509828501
2131,.,A,0.000841309316456
424,.,C,0.18760991096496502
1570,.,H,0.040539618581533
1559,.,I,0.041165985167026006
846,.,J,0.114271588623523
865,.,L,0.111641898751258
1260,.,N,0.06654687225818601
1396,.,P,0.054863467812538
948,.,T,0.10076988488435701
2064,.,U,0.004303522408008
1423,.,V,0.052195213735103003
1167,.,Y,0.07719395309686601
566,.,Z,0.15545958280563302
911,.,[,0.10592377930879501
1139,.,\,0.079636208713054
1105,.,],0.083040341734886
553,.,c,0.15968903899192802
2310,/,*,0.0
2298,/,",",0.0
2297,/,-,0.0
2296,/,.,0.0
1093,/,0,0.08471138030290601
1792,/,1,0.024610927328467
531,/,4,0.163535997271537
1184,/,6,0.07491455227136601
673,/,7,0.139599785208702
1911,/,9,0.016281144693493
1947,/,:,0.013500063680112001
1185,/,;,0.074769482016563
657,/,<,0.142637506127357
1874,/,=,0.018759747967123
1534,/,@,0.042807631194591
1803,/,C,0.023879949003458002
1847,/,G,0.020204134285449
1041,/,I,0.08945333957672101
970,/,M,0.097831316292285
713,/,O,0.133081585168838
1908,/,P,0.016454141587018002
1673,/,T,0.033773146569728005
1385,/,V,0.055568031966686006
1811,/,W,0.023511281237006004
43,/,Z,0.43754321336746205
1050,/,[,0.08835917711257901
262,/,\,0.24111260473728102
1905,/,],0.016610227525234
2316,0,!,0.0
2315,0,"""",0.0
2314,0,#,0.0
2383,0,$,0.0
2561,0,%,0.0
2752,0,&,0.0
2562,0,',0.0
2820,0,(,0.0
2819,0,),0.0
2818,0,*,0.0
2817,0,+,0.0
2816,0,",",0.0
2815,0,-,0.0
2814,0,.,0.0
2813,0,/,0.0
1933,0,1,0.014550257474184002
1925,0,3,0.015017084777355002
371,0,4,0.20245185494422901
242,0,6,0.252767473459243
384,0,7,0.197573348879814
586,0,8,0.151939392089843
685,0,9,0.13758522272109902
1451,0,>,0.050123661756515
1441,0,@,0.050636235624551
789,0,A,0.12209853529930101
206,0,C,0.26787561178207403
370,0,D,0.20273891091346702
1282,0,G,0.064934834837913
2116,0,J,0.0014501288533210002
1107,0,M,0.082750402390956
1,0,O,0.791883468627929
66,0,Q,0.39467653632164
885,0,U,0.10929609090089701
827,0,V,0.11659319698810501
462,0,Z,0.17535755038261402
1102,0,\,0.083326786756515
519,0,],0.165275424718856
188,0,a,0.27578467130661
1217,0,b,0.07105269283056201
667,0,c,0.140667080879211
2295,0,d,0.0
2294,0,e,0.0
2293,0,f,0.0
2292,0,g,0.0
2291,0,h,0.0
2299,0,i,0.0
2311,0,j,0.0
2312,0,k,0.0
2313,0,l,0.0
2334,0,m,0.0
2333,0,n,0.0
2332,0,o,0.0
2331,0,p,0.0
2330,0,q,0.0
2329,0,r,0.0
2328,0,s,0.0
2327,0,t,0.0
2326,0,u,0.0
2325,0,v,0.0
2324,0,w,0.0
2323,0,x,0.0
2322,0,y,0.0
2321,0,z,0.0
2320,0,{,0.0
2319,0,|,0.0
2318,0,},0.0
2317,0,~,0.0
2833,1,!,0.0
2832,1,"""",0.0
2831,1,#,0.0
2830,1,$,0.0
2829,1,%,0.0
2828,1,&,0.0
2827,1,',0.0
2826,1,(,0.0
2825,1,),0.0
2801,1,*,0.0
2800,1,+,0.0
2799,1,",",0.0
2775,1,-,0.0
2773,1,.,0.0
2772,1,/,0.0
2771,1,0,0.0
1252,1,2,0.06739962100982601
236,1,4,0.254917412996292
154,1,7,0.29795482754707303
1160,1,<,0.077844627201557
719,1,>,0.131390735507011
864,1,@,0.11221884191036201
232,1,A,0.256473422050476
1748,1,F,0.027359023690223003
1519,1,G,0.043958526104688006
816,1,H,0.118139363825321
70,1,I,0.39023560285568204
1124,1,J,0.08157112449407501
460,1,L,0.175525799393653
1832,1,M,0.021543096750974003
1074,1,N,0.08637386560440001
189,1,T,0.27571707963943404
1976,1,Y,0.011333147063851001
1420,1,Z,0.052907146513462004
593,1,[,0.151225015521049
765,1,\,0.124324023723602
116,1,],0.325528234243392
211,1,a,0.264428794384002
2821,1,d,0.0
2812,1,e,0.0
2810,1,f,0.0
2809,1,g,0.0
2808,1,h,0.0
2807,1,i,0.0
2806,1,j,0.0
2805,1,k,0.0
2804,1,l,0.0
2803,1,m,0.0
2802,1,n,0.0
2811,1,o,0.0
2822,1,p,0.0
2823,1,q,0.0
2824,1,r,0.0
2845,1,s,0.0
2844,1,t,0.0
2843,1,u,0.0
2842,1,v,0.0
2841,1,w,0.0
2840,1,x,0.0
2839,1,y,0.0
2838,1,z,0.0
2837,1,{,0.0
2836,1,|,0.0
2835,1,},0.0
2834,1,~,0.0
2790,2,!,0.0
2789,2,"""",0.0
2798,2,#,0.0
2788,2,$,0.0
2786,2,%,0.0
2785,2,&,0.0
2784,2,',0.0
2783,2,(,0.0
2782,2,),0.0
2781,2,*,0.0
2780,2,+,0.0
2779,2,",",0.0
2778,2,-,0.0
2846,2,.,0.0
2847,2,/,0.0
2848,2,0,0.0
2849,2,1,0.0
563,2,3,0.15691883862018502
1409,2,4,0.054052397608757005
1449,2,6,0.050236571580171
478,2,7,0.17328791320323902
1358,2,9,0.057680159807205006
21,2,?,0.5140838623046871
1499,2,B,0.045575629919767005
516,2,C,0.16586939990520402
921,2,D,0.10387884080410001
616,2,E,0.148659959435462
504,2,G,0.167966336011886
680,2,J,0.138459607958793
202,2,L,0.26851791143417303
1659,2,P,0.034720972180366
677,2,Q,0.138961851596832
1762,2,R,0.026745095849037
1357,2,S,0.057918678969144
144,2,Z,0.303385853767395
1984,2,[,0.010768309235572001
890,2,],0.107876360416412
421,2,a,0.18796411156654302
1636,2,b,0.035669293254613
257,2,c,0.245768830180168
2770,2,d,0.0
2769,2,e,0.0
2768,2,f,0.0
2767,2,g,0.0
2766,2,h,0.0
2774,2,i,0.0
2765,2,j,0.0
2763,2,k,0.0
2762,2,l,0.0
2761,2,m,0.0
2760,2,n,0.0
2759,2,o,0.0
2758,2,p,0.0
2757,2,q,0.0
2756,2,r,0.0
2755,2,s,0.0
2764,2,t,0.0
2776,2,u,0.0
2787,2,v,0.0
2777,2,w,0.0
2797,2,x,0.0
2796,2,y,0.0
2795,2,z,0.0
2794,2,{,0.0
2793,2,|,0.0
2792,2,},0.0
2791,2,~,0.0
2937,3,!,0.0
2936,3,"""",0.0
2935,3,#,0.0
2934,3,$,0.0
2933,3,%,0.0
2932,3,&,0.0
2931,3,',0.0
2930,3,(,0.0
2929,3,),0.0
2928,3,*,0.0
2927,3,+,0.0
2926,3,",",0.0
2925,3,-,0.0
2924,3,.,0.0
2923,3,/,0.0
2922,3,0,0.0
2921,3,1,0.0
2897,3,2,0.0
58,3,5,0.41164332628250105
248,3,6,0.250866532325744
1921,3,7,0.01533811353147
85,3,8,0.36481022834777804
121,3,9,0.32007271051406805
1373,3,:,0.056307055056095005
381,3,;,0.19885426759719801
2053,3,<,0.004838198423385
1830,3,=,0.021622853353619003
356,3,>,0.208451524376869
123,3,?,0.318740367889404
131,3,B,0.311101078987121
1626,3,G,0.036384552717208
1931,3,J,0.014676580205559002
2030,3,P,0.0062361396849150005
750,3,Q,0.126436278223991
1254,3,R,0.067236065864562
57,3,S,0.414733707904815
1599,3,U,0.038816023617982004
1422,3,V,0.052255798131227
1896,3,W,0.017233755439519
155,3,a,0.296627610921859
972,3,b,0.097748763859272
1627,3,c,0.036297336220741
2916,3,d,0.0
2915,3,e,0.0
2914,3,f,0.0
2913,3,g,0.0
2912,3,h,0.0
2911,3,i,0.0
2910,3,j,0.0
2909,3,k,0.0
2917,3,l,0.0
2908,3,m,0.0
2906,3,n,0.0
2905,3,o,0.0
2904,3,p,0.0
2903,3,q,0.0
2902,3,r,0.0
2901,3,s,0.0
2900,3,t,0.0
2899,3,u,0.0
2898,3,v,0.0
2907,3,w,0.0
2918,3,x,0.0
2919,3,y,0.0
2920,3,z,0.0
2941,3,{,0.0
2940,3,|,0.0
2939,3,},0.0
2938,3,~,0.0
2893,4,!,0.0
2892,4,"""",0.0
2891,4,#,0.0
2890,4,$,0.0
2889,4,%,0.0
2888,4,&,0.0
2887,4,',0.0
2886,4,(,0.0
2885,4,),0.0
2884,4,*,0.0
2883,4,+,0.0
2882,4,",",0.0
2881,4,-,0.0
2880,4,.,0.0
2879,4,/,0.0
2878,4,0,0.0
2877,4,1,0.0
2876,4,2,0.0
2875,4,3,0.0
579,4,6,0.153075411915779
788,4,7,0.12212838232517201
301,4,<,0.22443687915802002
2088,4,=,0.003027819097042
84,4,A,0.364867985248565
482,4,C,0.172188460826873
2008,4,G,0.008787723258137
457,4,H,0.17647925019264202
1356,4,K,0.057929858565330006
714,4,L,0.13285441696643802
317,4,M,0.220328465104103
343,4,N,0.21301166713237701
1438,4,O,0.051136299967765
1027,4,Q,0.090924702584743
1994,4,X,0.010355559177696
38,4,Z,0.44610226154327304
727,4,[,0.13068251311779
627,4,\,0.14682570099830602
335,4,a,0.216475427150726
886,4,c,0.10921445488929701
2942,4,d,0.0
2896,4,e,0.0
2894,4,f,0.0
2869,4,g,0.0
2868,4,h,0.0
2867,4,i,0.0
2866,4,j,0.0
2865,4,k,0.0
2864,4,l,0.0
2863,4,m,0.0
2862,4,n,0.0
2861,4,o,0.0
2870,4,p,0.0
2860,4,q,0.0
2858,4,r,0.0
2857,4,s,0.0
2856,4,t,0.0
2855,4,u,0.0
2854,4,v,0.0
2853,4,w,0.0
2852,4,x,0.0
2851,4,y,0.0
2850,4,z,0.0
2859,4,{,0.0
2871,4,|,0.0
2872,4,},0.0
2873,4,~,0.0
2632,5,!,0.0
2633,5,"""",0.0
2653,5,#,0.0
2652,5,$,0.0
2651,5,%,0.0
2650,5,&,0.0
2649,5,',0.0
2648,5,(,0.0
2647,5,),0.0
2646,5,*,0.0
2645,5,+,0.0
2644,5,",",0.0
2643,5,-,0.0
2642,5,.,0.0
2641,5,/,0.0
2640,5,0,0.0
2639,5,1,0.0
2638,5,2,0.0
2637,5,3,0.0
2636,5,4,0.0
80,5,6,0.36950963735580405
2109,5,8,0.0016839271411290002
1609,5,9,0.037898510694503
1845,5,;,0.020411334931850003
782,5,=,0.12272869050502701
1017,5,?,0.092718169093132
716,5,B,0.13207185268402102
564,5,C,0.156109690666198
1131,5,E,0.080479726195335
1444,5,F,0.050565879791975
1804,5,H,0.023850562050938003
773,5,J,0.12387100607156701
1574,5,L,0.040359765291213004
1852,5,N,0.019919462502002
357,5,S,0.20841248333454102
509,5,T,0.16733480989933
1279,5,U,0.06495881825685501
1850,5,V,0.020016862079501003
552,5,[,0.16039490699768003
208,5,b,0.265828758478164
541,5,c,0.161883637309074
2874,5,d,0.0
2754,5,e,0.0
2895,5,f,0.0
2753,5,g,0.0
2704,5,h,0.0
2629,5,i,0.0
2628,5,j,0.0
2627,5,k,0.0
2626,5,l,0.0
2625,5,m,0.0
2624,5,n,0.0
2623,5,o,0.0
2622,5,p,0.0
2621,5,q,0.0
2630,5,r,0.0
2620,5,s,0.0
2618,5,t,0.0
2617,5,u,0.0
2616,5,v,0.0
2615,5,w,0.0
2614,5,x,0.0
2613,5,y,0.0
2612,5,z,0.0
2611,5,{,0.0
2610,5,|,0.0
2619,5,},0.0
2631,5,~,0.0
2585,6,!,0.0
2595,6,"""",0.0
2586,6,#,0.0
2605,6,$,0.0
2604,6,%,0.0
2603,6,&,0.0
2602,6,',0.0
2601,6,(,0.0
2600,6,),0.0
2599,6,*,0.0
2598,6,+,0.0
2597,6,",",0.0
2606,6,-,0.0
2596,6,.,0.0
2594,6,/,0.0
2593,6,0,0.0
2592,6,1,0.0
2591,6,2,0.0
2590,6,3,0.0
2589,6,4,0.0
2588,6,5,0.0
233,6,8,0.255808860063552
640,6,9,0.144936338067054
2083,6,:,0.0033564115874460004
993,6,<,0.095362842082977
1858,6,=,0.019592484459280003
1242,6,A,0.068535923957824
224,6,B,0.259330242872238
65,6,C,0.39623928070068304
1472,6,D,0.047956876456737005
1461,6,E,0.04889628663659001
2128,6,F,0.000980803743004
414,6,G,0.19007875025272303
1907,6,H,0.016562120988965
720,6,O,0.13137224316596902
1655,6,Q,0.034794054925441
573,6,S,0.15433380007743802
1668,6,V,0.033973064273595005
998,6,Z,0.094726480543613
1343,6,[,0.05946938693523401
575,6,a,0.15405142307281403
91,6,b,0.356121480464935
137,6,c,0.30591833591461104
2635,6,d,0.0
2634,6,e,0.0
2609,6,f,0.0
2608,6,g,0.0
2607,6,h,0.0
2584,6,i,0.0
2582,6,j,0.0
2581,6,k,0.0
2580,6,l,0.0
2579,6,m,0.0
2578,6,n,0.0
2577,6,o,0.0
2576,6,p,0.0
2575,6,q,0.0
2574,6,r,0.0
2583,6,s,0.0
2573,6,t,0.0
2571,6,u,0.0
2570,6,v,0.0
2569,6,w,0.0
2568,6,x,0.0
2567,6,y,0.0
2566,6,z,0.0
2565,6,{,0.0
2564,6,|,0.0
2563,6,},0.0
2572,6,~,0.0
2729,7,!,0.0
2730,7,"""",0.0
2750,7,#,0.0
2749,7,$,0.0
2748,7,%,0.0
2747,7,&,0.0
2746,7,',0.0
2745,7,(,0.0
2744,7,),0.0
2743,7,*,0.0
2742,7,+,0.0
2741,7,",",0.0
2740,7,-,0.0
2739,7,.,0.0
2738,7,/,0.0
2737,7,0,0.0
2736,7,1,0.0
2735,7,2,0.0
2734,7,3,0.0
2733,7,4,0.0
2732,7,5,0.0
2731,7,6,0.0
1904,7,:,0.016844380646944
1346,7,=,0.059155099093914004
48,7,>,0.43034633994102406
337,7,?,0.21590432524681002
1507,7,A,0.044839616864919
1359,7,C,0.057594910264015
2015,7,F,0.008001333102583
1784,7,H,0.025262163951992003
735,7,J,0.12929132580757102
1250,7,M,0.067705862224102
1657,7,N,0.034723542630672004
1159,7,O,0.078009888529777
1110,7,T,0.082502402365207
798,7,V,0.12092222273349701
1501,7,Y,0.045414000749588006
47,7,Z,0.430791437625885
367,7,\,0.203363999724388
230,7,],0.25701677799224804
745,7,a,0.127991497516632
2082,7,c,0.0033676121383900003
2587,7,d,0.0
2654,7,e,0.0
2655,7,f,0.0
2656,7,g,0.0
2657,7,h,0.0
2726,7,i,0.0
2725,7,j,0.0
2724,7,k,0.0
2723,7,l,0.0
2722,7,m,0.0
2721,7,n,0.0
2720,7,o,0.0
2719,7,p,0.0
2718,7,q,0.0
2727,7,r,0.0
2717,7,s,0.0
2715,7,t,0.0
2714,7,u,0.0
2713,7,v,0.0
2712,7,w,0.0
2711,7,x,0.0
2710,7,y,0.0
2709,7,z,0.0
2708,7,{,0.0
2707,7,|,0.0
2716,7,},0.0
2728,7,~,0.0
2681,8,!,0.0
2702,8,"""",0.0
2701,8,#,0.0
2700,8,$,0.0
2699,8,%,0.0
2698,8,&,0.0
2697,8,',0.0
2696,8,(,0.0
2695,8,),0.0
2694,8,*,0.0
2693,8,+,0.0
2692,8,",",0.0
2691,8,-,0.0
2690,8,.,0.0
2689,8,/,0.0
2688,8,0,0.0
2687,8,1,0.0
2686,8,2,0.0
2685,8,3,0.0
2684,8,4,0.0
2683,8,5,0.0
2682,8,6,0.0
2197,8,7,0.0
258,8,9,0.245214074850082
500,8,:,0.16885189712047502
655,8,;,0.142700582742691
957,8,<,0.09916347265243501
764,8,=,0.12445763498544601
1010,8,>,0.09394947439432101
876,8,A,0.11007079482078501
29,8,B,0.46738153696060103
1716,8,C,0.030168497934937002
2044,8,H,0.005355997011065001
1270,8,O,0.065623462200164
1991,8,P,0.010416680015623
251,8,Q,0.24881187081336903
615,8,R,0.148855030536651
768,8,S,0.12408599257469101
1853,8,V,0.019851107150316002
1166,8,X,0.07729528844356501
1781,8,],0.025365253910422002
744,8,a,0.128129839897155
705,8,b,0.13439804315567
1742,8,c,0.028072591871023
2706,8,d,0.0
2751,8,e,0.0
2705,8,f,0.0
2703,8,g,0.0
2677,8,h,0.0
2676,8,i,0.0
2675,8,j,0.0
2674,8,k,0.0
2673,8,l,0.0
2672,8,m,0.0
2671,8,n,0.0
2670,8,o,0.0
2669,8,p,0.0
2678,8,q,0.0
2668,8,r,0.0
2666,8,s,0.0
2665,8,t,0.0
2664,8,u,0.0
2663,8,v,0.0
2662,8,w,0.0
2661,8,x,0.0
2660,8,y,0.0
2659,8,z,0.0
2658,8,{,0.0
2667,8,|,0.0
2679,8,},0.0
2680,8,~,0.0
2195,9,!,0.0
2158,9,"""",0.0
2160,9,#,0.0
2161,9,$,0.0
2162,9,%,0.0
2167,9,&,0.0
2166,9,',0.0
2165,9,(,0.0
2164,9,),0.0
2163,9,*,0.0
2159,9,+,0.0
2168,9,",",0.0
2157,9,-,0.0
2155,9,.,0.0
2148,9,/,0.0
2147,9,0,0.0
2146,9,1,0.0
2170,9,2,0.0
2171,9,3,0.0
2187,9,4,0.0
2186,9,5,0.0
2185,9,6,0.0
2180,9,7,0.0
2179,9,8,0.0
2080,9,<,0.003394031897187
932,9,=,0.10217848420143101
1149,9,>,0.07865744084119701
1545,9,?,0.04224432259798001
1196,9,@,0.073547400534152
1402,9,A,0.05436117574572501
687,9,B,0.137374565005302
608,9,D,0.14985194802284202
2139,9,E,0.00034709088504300003
1153,9,G,0.07831829041242601
1552,9,L,0.041981671005487005
2107,9,M,0.001746118068695
1367,9,O,0.056765541434288004
1872,9,P,0.018785281106829
210,9,Q,0.264803111553192
1660,9,R,0.034719642251729
641,9,S,0.144929811358451
1989,9,U,0.010546286590397
1597,9,V,0.038937330245971
1841,9,\,0.020593388006091
1940,9,],0.014073406346142
68,9,a,0.391910761594772
1764,9,b,0.026634735986590004
1418,9,c,0.05309088528156201
2176,9,d,0.0
2175,9,e,0.0
2174,9,f,0.0
2173,9,g,0.0
2172,9,h,0.0
2145,9,i,0.0
2194,9,j,0.0
2169,9,k,0.0
2156,9,l,0.0
2150,9,m,0.0
2152,9,n,0.0
2153,9,o,0.0
2192,9,p,0.0
2191,9,q,0.0
2190,9,r,0.0
2189,9,s,0.0
2188,9,t,0.0
2178,9,u,0.0
2177,9,v,0.0
2181,9,w,0.0
2182,9,x,0.0
2183,9,y,0.0
2184,9,z,0.0
2193,9,{,0.0
2149,9,|,0.0
2151,9,},0.0
2154,9,~,0.0
9,:,;,0.58169001340866
1194,:,<,0.07389037311077101
255,:,=,0.24765655398368802
1037,:,>,0.08991502970457001
1095,:,?,0.08440763503313001
959,:,B,0.09908178448677
866,:,C,0.111527480185031
1897,:,E,0.017134649679064
2098,:,F,0.0022594481706610004
1477,:,H,0.047686863690614006
1263,:,I,0.06628227233886701
1881,:,J,0.018478222191333
1806,:,M,0.0236979406327
1595,:,N,0.038955044001340006
1275,:,P,0.06534764170646601
1178,:,S,0.075548537075519
1521,:,T,0.043718453496694
1759,:,U,0.026881581172347003
1199,:,V,0.072970286011695
974,:,X,0.09763592481613101
1256,:,Y,0.067094929516315
1553,:,Z,0.041698943823575
1490,:,[,0.046513181179761005
928,:,\,0.103131338953971
1699,:,],0.031337648630142004
1347,:,c,0.05909591168165201
2300,:,e,0.0
1634,;,<,0.035911854356527
391,;,>,0.195442169904708
539,;,?,0.162258237600326
446,;,@,0.180087596178054
556,;,B,0.15930946171283702
1899,;,D,0.017104694619774
937,;,E,0.101583942770957
1287,;,F,0.064340405166149
918,;,G,0.10462065041065201
850,;,I,0.11378832161426501
2102,;,O,0.002063719555735
1126,;,P,0.081351771950721
1782,;,R,0.025360250845551
115,;,S,0.325856447219848
2066,;,U,0.0042405705899
741,;,W,0.12850618362426702
1290,;,X,0.06428679823875401
1651,;,],0.034896288067102
2120,;,b,0.00134397111833
143,<,=,0.303413540124893
195,<,>,0.271919965744018
1152,<,@,0.07838373631238901
988,<,A,0.096125088632106
1143,<,B,0.079231962561607
1663,<,E,0.03459857776761
940,<,I,0.10142394900321901
203,<,K,0.26828449964523304
1780,<,L,0.025458447635173003
1034,<,N,0.090097166597843
2057,<,O,0.00470140017569
807,<,Q,0.11979794502258301
560,<,R,0.15826378762722002
1091,<,S,0.08485844731330801
473,<,X,0.17380698025226501
398,<,Z,0.19373688101768402
1336,<,[,0.05967904627323101
540,<,\,0.16222597658634103
1073,<,a,0.08639395982027001
868,=,>,0.11131511628627701
1483,=,A,0.046969160437583
652,=,B,0.14289523661136602
767,=,C,0.124130457639694
1056,=,E,0.08795285969972601
1467,=,F,0.04833461344242
1571,=,H,0.040441900491714006
1900,=,M,0.017102640122175
620,=,N,0.148238912224769
2122,=,Q,0.0011031110771000001
1902,=,T,0.016994705423712002
1983,=,U,0.010863735340535
1888,=,W,0.017880657687783002
1157,=,X,0.078116960823535
2138,=,Y,0.00041787698864900004
785,=,Z,0.12240841984748801
875,=,\,0.110128507018089
688,=,c,0.137287437915802
521,>,@,0.16508929431438402
1013,>,A,0.09346994757652201
1231,>,B,0.06946328282356201
1439,>,E,0.0510745793581
1362,>,I,0.057342655956745
1768,>,J,0.026135560125112003
1563,>,K,0.040893334895372
1544,>,N,0.042386725544929005
1057,>,O,0.087888799607753
1653,>,P,0.034854315221309
1506,>,Q,0.044914133846759005
1380,>,R,0.055917285382747005
315,>,S,0.22100290656089702
1363,>,W,0.05718782916665
1145,>,X,0.07893382012844001
818,>,Z,0.117967300117015
139,>,\,0.30422848463058405
167,>,],0.28775343298912004
389,>,a,0.196032345294952
1445,?,D,0.050505571067333006
1405,?,F,0.054164808243513
960,?,G,0.098570019006729
1572,?,J,0.040410086512565
238,?,P,0.254263788461685
1969,?,Q,0.011781025677919001
1112,?,R,0.082472048699855
630,?,S,0.146417781710624
679,?,V,0.138494119048118
2005,?,X,0.009380921721458001
461,?,Y,0.17548108100891102
1281,?,a,0.064945414662361
1303,?,c,0.062436740845441006
1063,@,A,0.08745135366916601
981,@,D,0.09702128171920701
2006,@,F,0.009122584015130001
32,@,G,0.45714834332466103
494,@,I,0.17017178237438202
1709,@,K,0.030459785833954003
174,@,O,0.28341972827911305
1004,@,P,0.094247184693813
1175,@,Q,0.07620872557163201
629,@,R,0.14667797088623002
310,@,S,0.221635088324546
226,@,W,0.25888055562973
1590,@,],0.039467234164476006
125,@,a,0.318253278732299
1778,A,E,0.02549229376018
1560,A,F,0.041151359677314
1998,A,G,0.009942030534148001
55,A,H,0.417187303304672
1914,A,I,0.015895316377282
738,A,K,0.12917773425579002
152,A,M,0.29915168881416304
109,A,N,0.33628758788108803
1656,A,O,0.034728348255157006
726,A,Q,0.130684688687324
275,A,R,0.23530186712741802
905,A,W,0.106256887316703
749,A,X,0.12688884139060902
290,A,\,0.22856439650058702
128,B,D,0.31628188490867604
50,B,E,0.42536383867263705
857,B,F,0.11274281889200201
1049,B,H,0.08842099457979201
1172,B,K,0.076376520097255
1615,B,L,0.037421356886625005
804,B,P,0.12011372298002201
2118,B,Q,0.001404356677085
75,B,R,0.37756624817848206
373,B,S,0.20182661712169603
1828,B,U,0.021683473140001002
1909,B,X,0.016445081681013
1871,B,Z,0.018798431381583002
1918,B,\,0.015668649226427002
1997,B,],0.009954810142517001
1783,C,D,0.025351785123348004
823,C,E,0.11727598309516901
1582,C,F,0.039757587015628
240,C,G,0.253685116767883
1228,C,H,0.069779373705387
631,C,J,0.14624460041522902
295,C,L,0.22525322437286302
1193,C,M,0.07393483072519301
2108,C,N,0.0016909795813260001
591,C,O,0.15148797631263702
623,C,Q,0.148123770952224
675,C,T,0.13910268247127502
387,C,U,0.19711263477802202
438,C,V,0.183190524578094
1956,C,Y,0.012901369482278002
406,C,Z,0.19170530140399902
270,C,[,0.23910169303417203
1844,C,],0.020471431314945002
436,D,E,0.184278011322021
2019,D,F,0.007829841226339
1161,D,G,0.077675901353359
1535,D,H,0.042706146836280004
811,D,J,0.11877058446407301
1980,D,K,0.01111832819879
187,D,O,0.27587631344795205
259,D,P,0.24363988637924103
955,D,Q,0.09954643249511701
319,D,R,0.21984541416168202
1121,D,S,0.08182987570762601
94,D,U,0.35133272409439004
2068,D,V,0.004129905253648001
664,D,W,0.14131394028663602
686,D,],0.13749311864376002
107,D,b,0.33773565292358404
1810,D,c,0.023543449118733
23,E,F,0.5078164339065551
1118,E,G,0.08207676559686601
225,E,H,0.258998274803161
1068,E,K,0.086735107004642
67,E,L,0.39430111646652205
1753,E,N,0.027273474261164003
511,E,R,0.16714136302471103
385,E,S,0.197537958621978
1533,E,T,0.042876191437244006
991,E,U,0.095579296350479
1726,E,W,0.029635366052389003
508,E,Z,0.16773180663585602
710,E,b,0.13327263295650402
1137,E,c,0.07966166734695401
1208,F,G,0.07214706391096101
253,F,H,0.24826523661613403
594,F,K,0.15119393169879902
1259,F,N,0.066766254603862
635,F,P,0.14572860300540902
542,F,R,0.161722064018249
1355,F,S,0.058029852807521
254,F,T,0.24768212437629702
2127,F,V,0.001002002623863
1802,F,W,0.023886481299996
1076,F,Y,0.086213111877441
1795,F,[,0.024406861513853
1371,F,b,0.056496039032936006
1856,G,I,0.019800925627350002
1019,G,O,0.09255154430866201
1455,G,P,0.049558699131011005
1886,G,Q,0.018094675615429
1758,G,R,0.02691388502717
234,G,S,0.25502797961235
2002,G,U,0.009743887931108001
1127,G,W,0.08082938939332901
1360,G,[,0.057517543435096005
1735,G,],0.028784507885575003
397,G,a,0.193747043609619
117,G,c,0.32483503222465504
1865,H,J,0.019095260649919
1084,H,K,0.08564773947000501
1244,H,L,0.06833832710981301
45,H,M,0.43164199590682906
132,H,N,0.31030049920082003
945,H,R,0.101013489067554
1352,H,T,0.058460246771574007
185,H,U,0.276877701282501
1243,H,V,0.06847954541444701
1075,H,W,0.086338371038436
906,H,X,0.106218360364437
1311,H,Y,0.061791405081748005
1397,H,Z,0.054716616868972
1683,H,[,0.032367039471864
1790,H,a,0.024872865527868
2087,H,b,0.003041663672775
2026,H,c,0.006574140861630001
758,I,J,0.125430688261985
501,I,K,0.16841217875480602
490,I,L,0.170493081212043
1754,I,N,0.027074210345745003
1471,I,O,0.048204254359006
475,I,P,0.173676237463951
1096,I,R,0.08429065346717801
1353,I,S,0.05843847990036
76,I,T,0.37641927599906905
1614,I,W,0.037548013031482
1666,I,X,0.034210566431283
874,I,Y,0.110190868377685
92,I,[,0.354682952165603
514,I,\,0.16634654998779203
216,I,],0.262292593717575
2007,I,b,0.009086467325687
213,J,L,0.263506174087524
1869,J,P,0.018871614709496002
2056,J,Q,0.004739551339298
2051,J,S,0.004879247397184001
592,J,T,0.15144853293895702
134,J,U,0.308452248573303
1135,J,V,0.08014877140522
2012,J,X,0.008300062268972001
1207,J,Y,0.07234171032905501
1345,J,Z,0.059247005730867004
399,J,[,0.19364859163761103
3,J,],0.64348953962326
1214,J,b,0.071323029696941
1294,J,c,0.06366389989852901
1374,K,L,0.056219659745693006
1326,K,M,0.060882255434989006
161,K,N,0.29092979431152305
912,K,P,0.10585203021764701
61,K,R,0.40131875872612
1365,K,T,0.056852493435144
963,K,W,0.09836387634277301
78,K,X,0.37220886349678
1111,K,Y,0.082480184733867
574,K,[,0.15425930917263
1069,K,\,0.086690008640289
1854,K,b,0.019830763339996
777,L,Q,0.123455986380577
880,L,T,0.10987178981304101
742,L,U,0.12847919762134502
1291,L,Y,0.06423479318618701
87,L,Z,0.36226031184196406
79,L,[,0.37186104059219305
1831,L,\,0.02157687395811
1399,L,],0.05463870614767
1064,L,b,0.08718980848789201
658,L,c,0.14187785983085602
96,M,N,0.34793555736541704
1349,M,O,0.05873641744256
1805,M,Q,0.023742362856864003
1338,M,T,0.0596274882555
407,M,U,0.19168585538864102
73,M,V,0.37950339913368203
100,M,W,0.34296768903732305
466,M,X,0.17512959241867002
1044,M,Y,0.08918945491313901
1020,M,Z,0.09254084527492501
1745,M,\,0.02752692811191
826,N,R,0.11670175939798301
108,N,T,0.33692723512649503
1707,N,U,0.030671769753098002
1389,N,V,0.055431615561246005
366,N,W,0.20570799708366302
263,N,X,0.240300849080085
1701,N,[,0.031214479357004003
39,N,\,0.443837583065032
1591,O,P,0.039421964436769
112,O,Q,0.32876306772232
1796,O,S,0.024340204894542
1006,O,U,0.09404560178518201
1557,O,V,0.041200943291187
934,O,W,0.102132506668567
1322,O,Z,0.061068367213010004
1377,O,\,0.056019823998212
645,O,],0.144393935799598
550,O,a,0.16054677963256803
1747,O,b,0.027376670390367
1155,O,c,0.078212723135948
1593,P,Q,0.039067804813385
72,P,R,0.380477547645568
2104,P,S,0.0019264873117200002
300,P,T,0.224596798419952
2001,P,U,0.009775536134839
1414,P,W,0.053774211555719
1468,P,X,0.048299752175807
336,P,Y,0.21600542962551103
1508,P,[,0.044817440211772
1623,P,\,0.036550357937812
1023,P,],0.091532804071903
1476,P,b,0.047743108123540004
820,Q,R,0.117583476006984
1320,Q,U,0.061123695224523
1361,Q,V,0.057493858039379
1977,Q,W,0.011328816413879
1109,Q,X,0.08264967799186701
1364,Q,Y,0.056872032582759004
1210,Q,Z,0.071854189038276
1706,Q,\,0.030713774263858
1119,Q,],0.08197169005870801
379,Q,a,0.20006993412971402
628,Q,c,0.146697267889976
622,R,S,0.14814148843288402
899,R,W,0.10680472850799501
507,R,X,0.16774228215217502
962,R,\,0.09847613424062701
882,R,a,0.109699442982673
891,R,b,0.107794925570487
1354,S,U,0.058049656450748006
708,S,W,0.13377669453620902
1611,S,X,0.037701185792684
1123,S,a,0.08163779973983701
1434,S,c,0.051212437450885
694,T,U,0.13548927009105602
931,T,V,0.10218371450901001
1873,T,W,0.018779078498482
2094,T,X,0.00268140528351
682,T,Y,0.138124600052833
178,T,[,0.280396372079849
1100,T,\,0.08361127972602801
1333,T,],0.059994209557771
1283,T,c,0.064928635954856
182,U,V,0.278224557638168
329,U,W,0.21790030598640403
449,U,X,0.17885327339172302
1202,U,Y,0.07269823551177901
1827,U,[,0.02170275337994
1794,U,],0.024532964453101002
1763,U,b,0.026718666777014004
557,U,c,0.158965945243835
163,V,W,0.290371537208557
296,V,X,0.22524781525135001
193,V,Y,0.27221423387527405
1728,V,Z,0.029309760779142
1935,V,[,0.014388232491910001
1200,V,c,0.07291055470705
274,W,X,0.235595524311065
1443,W,Y,0.050614334642887004
151,X,Y,0.299573123455047
933,X,\,0.10214776545763
256,Y,[,0.24623376131057703
1932,Y,\,0.014650452882051001
598,Z,\,0.15070167183876002
1268,Z,a,0.065869033336639
861,Z,c,0.112537629902362
1060,[,\,0.08768468350172001
1821,[,],0.022520579397678
1198,[,b,0.07309974730014801
505,[,c,0.16787128150463101
1273,\,],0.06555221229791601
1222,],a,0.07054729014635
1848,],b,0.020113142207264
1809,a,c,0.023545976728200003
1926,d,#,0.015016809105873
1755,d,%,0.027055103331804
1596,d,+,0.038951370865106
1450,d,-,0.050174258649349004
1835,d,.,0.021322570741176
824,d,0,0.11707390844821901
176,d,1,0.282735168933868
1321,d,3,0.061115711927413004
278,d,4,0.23414476215839303
1047,d,5,0.088691227138042
610,d,6,0.149744853377342
1617,d,7,0.037241239100694004
856,d,8,0.112850092351436
2079,d,:,0.0034425221383570003
2025,d,<,0.00657854694873
150,d,A,0.29998305439949
1115,d,C,0.082192488014698
71,d,H,0.386582672595977
1236,d,J,0.069239757955074
1855,d,L,0.019804056733846002
246,d,M,0.25162324309349005
873,d,N,0.11035237461328501
1578,d,O,0.040118660777807
1058,d,Q,0.08783342689275701
1190,d,U,0.07436622679233501
1351,d,Z,0.058517366647720004
1836,d,\,0.021076068282127002
1003,d,],0.09427514672279301
106,d,a,0.34060838818550104
451,d,b,0.177147597074508
1029,d,c,0.090435646474361
1704,d,e,0.030853493139147002
1620,d,f,0.036914281547069
980,d,g,0.09709322452545101
605,d,h,0.150044366717338
89,d,i,0.357319116592407
124,d,j,0.31864047050476
1150,d,k,0.07857722043991
1930,d,l,0.014819735661149
1164,d,m,0.07750924676656701
2020,d,n,0.007501682266592
498,d,o,0.169008895754814
11,d,q,0.565828442573547
813,d,t,0.11842292547225901
352,d,u,0.209790885448455
493,d,z,0.17030985653400402
1938,d,{,0.014198135584592
626,e,#,0.147221371531486
678,e,%,0.138616442680358
169,e,&,0.28638413548469505
612,e,*,0.14941293001174902
430,e,+,0.186058580875396
1713,e,",",0.030337885022163003
601,e,-,0.15044561028480502
2035,e,.,0.005787722766399
1992,e,/,0.010390433482825001
265,e,0,0.239963740110397
1249,e,2,0.067796781659126
422,e,3,0.187798112630844
435,e,4,0.18497247993946
1458,e,5,0.049145989120006006
545,e,6,0.16141593456268302
583,e,8,0.152377799153327
24,e,9,0.502554416656494
565,e,<,0.155529737472534
200,e,=,0.26858311891555703
774,e,@,0.12376119941473002
801,e,A,0.12023682892322501
2009,e,B,0.008780699223279
528,e,C,0.16427022218704201
468,e,G,0.17485935986042
1633,e,L,0.036021173000335
1568,e,M,0.040685452520847
488,e,O,0.171099558472633
170,e,Q,0.286345064640045
1588,e,S,0.039590884000062006
1819,e,V,0.022676603868603002
2142,e,W,0.000293454155325
1411,e,Z,0.054006613790988006
31,e,a,0.45937478542327803
98,e,c,0.34525394439697205
2557,e,d,0.0
289,e,g,0.228706836700439
1941,e,k,0.014006512239575001
1163,e,m,0.077560409903526
122,e,o,0.31921553611755304
1046,e,q,0.08911702036857601
666,e,s,0.141105443239212
401,e,t,0.1934554874897
1021,e,u,0.09247318655252401
1151,e,v,0.07841637730598401
1555,e,w,0.041573166847229004
709,e,x,0.133618876338005
1187,e,y,0.07456086575984901
1009,e,z,0.09395398199558201
1720,e,~,0.029878806322813003
684,f,!,0.137765377759933
1692,f,"""",0.031841151416301006
695,f,#,0.13543507456779402
149,f,$,0.30140671133995
1675,f,',0.033304497599601
619,f,(,0.148309603333473
1299,f,*,0.062955223023891
637,f,+,0.14560644328594202
1330,f,-,0.060105510056018004
870,f,.,0.11098801344633101
1641,f,/,0.035351950675249
698,f,1,0.134955674409866
1517,f,2,0.044088762253522006
604,f,4,0.150063201785087
794,f,5,0.12141563743352801
484,f,6,0.17185638844966802
1672,f,7,0.033806420862674005
916,f,:,0.10505086928606001
2135,f,=,0.000627798493951
1158,f,?,0.07811570167541501
1054,f,A,0.08800434321165
395,f,C,0.19472450017929002
1648,f,E,0.035192884504795005
1538,f,G,0.042649962007999004
884,f,H,0.109692618250846
1404,f,J,0.054196022450923004
898,f,L,0.10695750266313502
1797,f,P,0.024262389168143002
1891,f,R,0.0176338031888
1117,f,T,0.082133390009403
428,f,Y,0.18636767566204002
1400,f,Z,0.054427109658718005
439,f,[,0.182087913155555
1751,f,\,0.027292983606457002
2100,f,],0.002097491174936
1822,f,b,0.022517923265695003
943,f,c,0.10123173892498001
2558,f,d,0.0
2559,f,e,0.0
476,f,h,0.173568427562713
83,f,i,0.36554425954818703
588,f,j,0.15154853463172901
474,f,k,0.173711389303207
1740,f,m,0.028181321918964
1546,f,n,0.042094238102436
162,f,r,0.29090374708175604
49,f,t,0.42826431989669805
1298,f,x,0.06298039108514701
415,f,{,0.18980449438095
1410,f,|,0.054031103849411004
1808,f,},0.023646222427487002
1393,f,~,0.05507609993219301
1335,g,!,0.05984617024660101
1481,g,$,0.047451432794332005
283,g,%,0.23123456537723502
279,g,&,0.23404619097709603
1849,g,",",0.020109210163354003
1215,g,0,0.071273006498813
2123,g,2,0.0010932162404060002
18,g,3,0.516897916793823
358,g,5,0.20822188258171
220,g,6,0.260341465473175
6,g,8,0.606628119945526
40,g,9,0.44018024206161505
1031,g,:,0.090271189808845
1142,g,;,0.07926322519779201
1696,g,<,0.03168798983097
447,g,=,0.17996786534786202
902,g,>,0.106475733220577
1645,g,?,0.035277612507343
175,g,B,0.283301562070846
1616,g,C,0.037264734506607
1950,g,J,0.013285256922245001
81,g,Q,0.36872726678848206
1647,g,R,0.035204131156206006
328,g,S,0.218015298247337
900,g,U,0.10677830129861801
1619,g,V,0.03716916590929
491,g,a,0.170369133353233
871,g,b,0.11085798591375301
576,g,c,0.153996393084526
2540,g,d,0.0
2539,g,e,0.0
2529,g,f,0.0
1528,g,j,0.043351616710424
1585,g,m,0.039712421596050006
840,g,o,0.11517992615699701
523,g,p,0.165027096867561
127,g,q,0.316583305597305
141,g,s,0.30397501587867704
554,g,u,0.15967312455177302
1427,g,v,0.051964279264211
1579,g,x,0.039918795228004005
268,g,y,0.23951171338558103
1055,g,z,0.08799476176500301
1232,g,{,0.06937836855649901
2074,g,},0.003889481537044
1721,h,"""",0.029813837260007
1492,h,#,0.046363372355699005
1061,h,$,0.08761434257030401
1818,h,%,0.022688291966915002
2101,h,',0.0020851064473390002
1504,h,(,0.045255195349454005
2124,h,),0.001082654111087
1011,h,*,0.093910910189151
903,h,+,0.106325164437294
1541,h,-,0.042461335659027
1680,h,.,0.032773196697235
1985,h,0,0.010736301541328002
530,h,1,0.16380403935909202
771,h,2,0.12393371760845101
1368,h,3,0.056714739650487005
1271,h,4,0.065604045987129
569,h,5,0.154884114861488
165,h,6,0.28980249166488603
927,h,7,0.10319248586893001
2111,h,8,0.001639529131352
1910,h,=,0.016302000731229
1288,h,?,0.064327597618103
725,h,A,0.13070966303348502
183,h,B,0.277873754501342
558,h,D,0.15851899981498702
1325,h,E,0.06088466197252201
649,h,F,0.143608689308166
1147,h,K,0.07872368395328501
1631,h,L,0.036150459200143
1191,h,N,0.07415990531444501
1613,h,P,0.03761875256896
309,h,R,0.222133725881576
2016,h,T,0.007902783341705001
897,h,[,0.10709277540445301
1705,h,\,0.030721729621291
1669,h,],0.033963400870561
844,h,a,0.114435940980911
7,h,b,0.6065597534179681
2522,h,d,0.0
2523,h,e,0.0
2524,h,f,0.0
2525,h,g,0.0
97,h,i,0.34763693809509205
538,h,j,0.16242249310016602
120,h,k,0.320838242769241
1612,h,l,0.037624739110469006
836,h,m,0.115396589040756
26,h,n,0.49687224626541104
797,h,p,0.12122756242752
1014,h,r,0.09344071894884101
572,h,t,0.15436652302742002
923,h,{,0.10354942083358701
1556,h,},0.041359521448612005
215,i,!,0.263062477111816
968,i,$,0.09806624054908701
964,i,',0.09829232841730101
1146,i,(,0.078739717602729
1300,i,),0.062932983040809
1224,i,*,0.070456653833389
1398,i,+,0.054699525237083005
1987,i,",",0.010700680315494001
930,i,-,0.10243721306324001
740,i,.,0.12870043516159002
1846,i,/,0.020215118303894
46,i,1,0.430845141410827
1289,i,2,0.06428937613964
486,i,4,0.171251907944679
1072,i,5,0.086397528648376
1566,i,6,0.040754094719886
1042,i,7,0.089423656463623
733,i,:,0.129555329680442
1240,i,;,0.06868547201156601
958,i,?,0.099142156541347
179,i,A,0.279848575592041
1903,i,F,0.01693082973361
634,i,H,0.14587910473346702
961,i,J,0.09855278581380801
426,i,L,0.187432587146759
1972,i,M,0.011582662351429001
2114,i,N,0.0015571834519500002
1662,i,Y,0.034616403281688
1635,i,Z,0.035757131874561005
603,i,[,0.15018683671951202
1525,i,\,0.043443329632282
849,i,],0.113853059709072
388,i,a,0.19639669358730302
1278,i,b,0.06497086584568
2526,i,d,0.0
2527,i,e,0.0
2528,i,f,0.0
2530,i,g,0.0
2538,i,h,0.0
5,i,j,0.6076110601425171
730,i,k,0.130277544260025
332,i,l,0.21685791015625
845,i,n,0.11433528363704601
935,i,q,0.10208828747272401
613,i,r,0.149356871843338
157,i,t,0.29431208968162503
1520,i,z,0.043885845690965
190,i,{,0.274642586708068
976,i,|,0.097380831837654
316,i,},0.22096252441406203
1586,i,~,0.039697110652923
260,j,!,0.24351444840431202
1387,j,$,0.05550021305680201
881,j,',0.109870783984661
1204,j,(,0.07261905074119501
832,j,),0.11587873101234401
872,j,",",0.110668450593948
1949,j,-,0.013412358239293001
1025,j,.,0.09137380123138401
1419,j,1,0.053059868514537006
737,j,2,0.12925668060779502
760,j,3,0.12503382563591
171,j,5,0.285803824663162
907,j,6,0.106151178479194
1065,j,7,0.087179958820343
833,j,:,0.115878634154796
444,j,;,0.18082648515701202
2117,j,>,0.001443047076463
549,j,?,0.160836547613143
1813,j,B,0.023268658667802002
1598,j,C,0.038852885365486006
1229,j,D,0.06970012933015801
1314,j,H,0.061494693160057005
1144,j,L,0.079020306468009
1823,j,S,0.022468153387308003
781,j,U,0.12304285168647701
1729,j,[,0.029238315299153002
114,j,],0.32626238465309104
318,j,b,0.22000741958618103
1843,j,c,0.020517190918326003
2531,j,d,0.0
2532,j,e,0.0
2533,j,f,0.0
2534,j,g,0.0
2535,j,h,0.0
2536,j,i,0.0
1807,j,l,0.023646652698516003
2132,j,n,0.00078203016892
1339,j,q,0.05962283909320801
543,j,t,0.16165323555469502
1750,j,v,0.027297519147396
1328,j,y,0.06030552834272301
702,j,{,0.1345776617527
1640,j,|,0.03539241477847
349,j,},0.21042172610759702
1895,j,~,0.017270999029278002
2011,k,!,0.008647267706692
355,k,#,0.20897676050662903
815,k,$,0.11816959083080202
1737,k,%,0.028707031160593
858,k,&,0.11271010339260101
1466,k,(,0.048579066991806
239,k,*,0.25374701619148204
173,k,+,0.28349059820175104
546,k,-,0.161108285188674
1464,k,.,0.048860527575016
711,k,1,0.133175909519195
2103,k,2,0.002008906798437
496,k,4,0.16929161548614502
1649,k,5,0.03506601601839
375,k,<,0.20157419145107203
1710,k,=,0.030432257801294
761,k,A,0.12477574497461301
537,k,B,0.162433788180351
180,k,E,0.27960681915283203
499,k,F,0.16886784136295302
892,k,H,0.107685677707195
580,k,I,0.152953296899795
37,k,L,0.447312295436859
825,k,N,0.11690770834684301
2010,k,P,0.008766068145632001
1988,k,Q,0.010614269413053
237,k,R,0.254902154207229
1513,k,T,0.044345907866954005
1760,k,X,0.026881286874413
2121,k,Y,0.001201671548187
1141,k,Z,0.079378515481948
359,k,[,0.20802825689315702
2052,k,\,0.004876989405602001
1960,k,a,0.012732544913887001
177,k,b,0.28148460388183505
2537,k,d,0.0
2474,k,e,0.0
2473,k,f,0.0
2472,k,g,0.0
2471,k,h,0.0
2408,k,i,0.0
2409,k,j,0.0
1340,k,l,0.059605807065963
287,k,t,0.22973385453224102
982,k,x,0.097005307674407
739,k,z,0.12904657423496202
1372,k,{,0.05632809177041
380,k,|,0.19921401143074002
1815,l,!,0.023096449673175003
492,l,&,0.17035970091819702
1235,l,(,0.069286257028579
118,l,),0.32420656085014304
790,l,/,0.12207586318254401
4,l,1,0.626039147377014
2089,l,2,0.0029950495809310004
1446,l,7,0.050406444817781004
701,l,;,0.13463409245014102
769,l,<,0.124022334814071
412,l,>,0.19053460657596502
90,l,@,0.35704213380813604
859,l,A,0.11263762414455401
1885,l,D,0.018190339207649002
946,l,G,0.100954547524452
2,l,I,0.7055997252464291
780,l,J,0.12309861183166501
996,l,K,0.09491288661956701
819,l,O,0.117954120039939
757,l,P,0.12572073936462402
2017,l,Q,0.007891003973782
696,l,R,0.13528051972389202
1448,l,S,0.05034390464425
689,l,T,0.13701783120632102
1430,l,W,0.051750082522630005
693,l,[,0.135547816753387
1067,l,\,0.08677115291357
20,l,],0.515604615211486
409,l,a,0.19120036065578402
2410,l,d,0.0
2411,l,e,0.0
2412,l,f,0.0
2413,l,g,0.0
2414,l,h,0.0
2415,l,i,0.0
2416,l,j,0.0
2425,l,k,0.0
2033,l,m,0.006021622568368
1329,l,n,0.060109347105026
1757,l,u,0.027035646140575003
1426,l,{,0.052094500511884
93,l,|,0.352137863636016
64,l,},0.39957493543624806
485,m,"""",0.171285837888717
1539,m,#,0.042509689927101
1529,m,%,0.043350730091333
1793,m,&,0.024577271193265002
1381,m,*,0.055891171097755
1892,m,+,0.017629943788051
1547,m,-,0.042083941400051006
1605,m,.,0.038240984082221
1741,m,0,0.028156431391835
1917,m,1,0.015759475529193
1779,m,2,0.025462541729211002
2023,m,4,0.006818665191531001
1978,m,6,0.011311073787510001
938,m,8,0.101558960974216
1777,m,9,0.025577979162335
1734,m,=,0.028840530663728003
2078,m,@,0.0034946724772450003
1770,m,A,0.026095457375049
967,m,B,0.098093822598457
1323,m,C,0.061038866639137004
638,m,D,0.14544677734375
1862,m,E,0.019258469343185
1592,m,F,0.039309691637754
1838,m,G,0.020945491269230003
676,m,H,0.139065071940422
1958,m,K,0.012826791033148
1162,m,N,0.07762368023395501
1685,m,O,0.032306671142578
1301,m,P,0.062832795083522
712,m,Q,0.13311165571212702
1197,m,R,0.073283433914184
1246,m,T,0.068203680217266
405,m,U,0.19245094060897802
791,m,W,0.12199660390615401
1665,m,Y,0.034360170364379
1342,m,[,0.05947427824139501
1494,m,a,0.046128414571285005
901,m,b,0.10674705356359401
942,m,c,0.10139237344264901
2417,m,d,0.0
2418,m,e,0.0
2419,m,f,0.0
2420,m,g,0.0
2421,m,h,0.0
2422,m,i,0.0
2423,m,j,0.0
2424,m,k,0.0
2407,m,l,0.0
35,m,n,0.45188108086586
950,m,o,0.100668355822563
159,m,p,0.293523609638214
787,m,q,0.122162759304046
681,m,r,0.138343885540962
1433,m,s,0.05135344713926301
1658,m,t,0.034722648561000005
235,m,u,0.25492125749588
2004,m,v,0.009456271305680001
218,m,w,0.261788308620452
1284,m,x,0.064893946051597
1643,m,y,0.035306278616189006
2105,m,z,0.0018841954879460002
822,m,~,0.11736655235290501
442,n,"""",0.181064054369926
2126,n,',0.0010317260166630001
1624,n,),0.036433458328247
2075,n,*,0.0038350559771060003
1727,n,-,0.029314851388335002
1221,n,0,0.070564828813076
609,n,1,0.14976383745670302
217,n,2,0.26185810565948403
1884,n,6,0.018217237666249
197,n,7,0.27101305127143804
1637,n,=,0.035662412643432
129,n,?,0.315179377794265
1695,n,@,0.031688332557678
951,n,A,0.10031085461378
1186,n,B,0.074638918042182
273,n,D,0.23805257678031902
481,n,F,0.17255640029907202
1943,n,G,0.013733414933085001
1428,n,H,0.05187694728374401
1132,n,K,0.08035634458065001
1702,n,M,0.031046103686094003
1575,n,O,0.04032913967967
947,n,P,0.100920930504798
369,n,R,0.203030616044998
1718,n,T,0.029988437891006
1882,n,W,0.018466750159859
2050,n,],0.0048825736157590005
571,n,a,0.154652461409568
267,n,b,0.23982095718383703
2003,n,c,0.009676350280642001
2406,n,d,0.0
2394,n,e,0.0
2386,n,f,0.0
2387,n,g,0.0
2388,n,h,0.0
2389,n,i,0.0
2390,n,j,0.0
2391,n,k,0.0
2392,n,l,0.0
2393,n,m,0.0
1247,n,o,0.06814133375883101
44,n,p,0.43599274754524203
304,n,r,0.22402119636535603
1824,n,u,0.022207129746675002
821,n,w,0.117459617555141
1749,n,x,0.027358371764421
1089,n,~,0.08496215194463701
1945,o,%,0.013589434325695001
1564,o,&,0.040863603353500005
2031,o,',0.006195995956659
674,o,),0.13912439346313402
1195,o,*,0.07367575168609601
1104,o,",",0.08326067030429801
1491,o,-,0.046501547098159006
863,o,.,0.11222362518310501
1216,o,/,0.071173496544361
0,o,0,0.850778877735137
1708,o,3,0.030602861195802
699,o,4,0.13482145965099301
363,o,6,0.20738942921161602
611,o,7,0.14961965382099102
306,o,8,0.222946599125862
518,o,9,0.16533213853836
1772,o,=,0.025996662676334003
1484,o,>,0.04696100950241
1140,o,@,0.07954318821430201
1016,o,A,0.093259945511817
285,o,C,0.23077806830406103
437,o,D,0.18364052474498702
1265,o,G,0.06604261696338601
1689,o,M,0.032185830175876
41,o,Q,0.439225167036056
1099,o,U,0.083776526153087
1120,o,V,0.081872329115867
854,o,Z,0.112974919378757
1642,o,\,0.035307027399539004
644,o,],0.14446708559989901
147,o,a,0.30223292112350403
1264,o,b,0.06621965020895
345,o,c,0.21193921566009502
2395,o,d,0.0
2405,o,e,0.0
2396,o,f,0.0
2397,o,g,0.0
2398,o,h,0.0
2399,o,i,0.0
2400,o,j,0.0
2401,o,k,0.0
2402,o,l,0.0
2403,o,m,0.0
2404,o,n,0.0
614,o,p,0.14904601871967302
489,o,q,0.17086805403232502
1394,o,u,0.054930407553911
646,o,v,0.144248351454734
2141,o,y,0.000294529832899
1732,o,z,0.028950152918696
894,o,},0.10748342424631101
2027,o,~,0.006566613912582
1530,p,"""",0.042988296598196
1771,p,%,0.026030920445919002
2039,p,&,0.0055662998929610005
1327,p,0,0.060676656663417004
855,p,2,0.11292491108179001
1733,p,7,0.028841393068432003
1108,p,8,0.08267634361982301
893,p,9,0.10754324495792301
1526,p,=,0.043415557593107
353,p,?,0.209681898355484
1787,p,@,0.024981485679745
276,p,B,0.23462742567062303
86,p,D,0.362575054168701
1324,p,E,0.061003696173429
578,p,F,0.153572008013725
1703,p,K,0.030870236456394
1090,p,O,0.08490626513957901
340,p,Q,0.215204298496246
325,p,R,0.21842494606971702
1522,p,U,0.043715208768844
1601,p,V,0.038614384829998
1500,p,W,0.045563329011201005
952,p,Y,0.099925249814987
101,p,b,0.3421351313591
1697,p,c,0.03158638253808
2426,p,d,0.0
2427,p,e,0.0
2428,p,f,0.0
2451,p,g,0.0
2452,p,h,0.0
2453,p,i,0.0
2454,p,j,0.0
2455,p,k,0.0
2456,p,l,0.0
2457,p,m,0.0
2458,p,n,0.0
2459,p,o,0.0
440,p,q,0.181492120027542
1285,p,r,0.064528606832027
812,p,u,0.11842393130064001
985,p,v,0.09684696048498101
910,p,w,0.10598063468933101
515,p,y,0.165943473577499
1580,p,~,0.039851449429988
2076,q,!,0.00366832781583
1883,q,#,0.01840054616332
1318,q,%,0.061234295368194004
1532,q,+,0.042889136821031
1684,q,-,0.032355658710002004
1618,q,.,0.037230372428894
1114,q,0,0.08221341669559401
302,q,1,0.224299192428588
497,q,4,0.16922752559185
1800,q,7,0.024054680019617
512,q,8,0.166867777705192
663,q,9,0.141475856304168
1744,q,=,0.027731185778975
223,q,A,0.25943046808242803
1092,q,C,0.08480153232812801
17,q,H,0.518780827522277
990,q,J,0.09571082144975601
1237,q,L,0.069144085049629
600,q,M,0.15063571929931602
503,q,N,0.16813136637210802
1889,q,T,0.017860438674688003
305,q,U,0.22305586934089602
1776,q,V,0.025784751400351
1043,q,X,0.08921369165182101
1066,q,Y,0.087022170424461
1866,q,Z,0.01908309943974
1766,q,[,0.026289239525794
2112,q,\,0.0016245599836110002
280,q,a,0.233713179826736
650,q,c,0.143375545740127
2460,q,d,0.0
2461,q,e,0.0
2462,q,f,0.0
2463,q,g,0.0
2464,q,h,0.0
2465,q,i,0.0
2466,q,j,0.0
2467,q,k,0.0
2468,q,l,0.0
2469,q,m,0.0
2470,q,n,0.0
2450,q,o,0.0
2449,q,p,0.0
1573,q,t,0.040382664650678
133,q,u,0.30967774987220703
1548,q,v,0.042044200003147
1496,q,x,0.046086229383945
1083,q,y,0.085752554237842
244,q,z,0.252310425043106
1698,q,~,0.031527861952781004
1456,r,!,0.049386583268642
483,r,"""",0.171941950917243
1432,r,#,0.051558043807744
1395,r,',0.054911315441131
1255,r,(,0.06711347401142101
1313,r,*,0.061655361205339
978,r,+,0.09737333655357301
2136,r,",",0.00057216011919
973,r,-,0.09764939546585001
1181,r,.,0.07521270960569301
581,r,1,0.152756184339523
1736,r,4,0.028754895552992002
243,r,5,0.252708554267883
2045,r,6,0.00531518086791
778,r,7,0.12331843376159601
743,r,=,0.12843795120716
1024,r,?,0.09146377444267201
642,r,C,0.144788444042205
201,r,F,0.26855581998825
1293,r,L,0.06399933248758301
847,r,N,0.11420754343271201
471,r,P,0.17446079850196802
34,r,T,0.45506331324577304
1944,r,V,0.013622300699353001
103,r,Y,0.34097325801849304
249,r,[,0.250537574291229
887,r,c,0.10884454846382101
2438,r,d,0.0
2429,r,e,0.0
2430,r,f,0.0
2431,r,g,0.0
2432,r,h,0.0
2434,r,j,0.0
2436,r,l,0.0
342,r,t,0.21306778490543302
632,r,v,0.14603593945503202
1497,r,w,0.045872047543525
393,r,x,0.194932773709297
1562,r,y,0.041038811206817
1670,r,z,0.033946398645639
606,r,{,0.150030553340911
2040,r,|,0.005485955625772
110,r,~,0.329322874546051
2037,s,"""",0.005739217624068001
1332,s,#,0.060018859803676
130,s,$,0.31197610497474604
207,s,%,0.266207456588745
365,s,&,0.20619349181652002
1106,s,",",0.08279396593570701
1600,s,2,0.038614809513092006
82,s,3,0.367287039756774
341,s,5,0.21378265321254702
751,s,6,0.12620149552822102
848,s,8,0.11394133418798401
443,s,9,0.18102082610130302
770,s,:,0.123974099755287
297,s,;,0.22481532394886003
1401,s,<,0.054423138499259005
775,s,=,0.12370890378952001
551,s,>,0.160484209656715
1667,s,?,0.034200150519609
633,s,@,0.14592003822326602
1048,s,B,0.08855107426643301
1959,s,C,0.012780283577740002
747,s,E,0.127193018794059
448,s,G,0.179264783859252
1531,s,R,0.042918439954519
772,s,U,0.12387890368700001
1233,s,W,0.069362565875053
2125,s,X,0.001039136201143
597,s,a,0.15094721317291201
423,s,c,0.18764859437942502
166,s,u,0.28800424933433505
1664,s,v,0.034474641084671
707,s,w,0.134075462818145
2021,s,x,0.0071282703429460005
1125,s,y,0.081523761153221
1136,s,z,0.079959787428379
1403,s,{,0.054279994219541
1717,t,!,0.030001025646924
1479,t,"""",0.047610525041818
42,t,#,0.438037633895874
62,t,$,0.400776147842407
724,t,(,0.13097120821475902
334,t,*,0.21647864580154402
12,t,+,0.5449199676513671
1156,t,-,0.078181408345699
1307,t,.,0.062011841684579
1116,t,1,0.082182720303535
1955,t,2,0.012936910614371001
126,t,4,0.31781870126724204
480,t,5,0.17274896800518003
544,t,6,0.16149222850799502
1986,t,:,0.010732499882578002
1859,t,<,0.019527524709701
1465,t,=,0.04880369454622201
536,t,A,0.162468403577804
323,t,C,0.21849156916141502
595,t,E,0.151107713580131
284,t,F,0.23091289401054302
1344,t,G,0.05941495671868301
860,t,H,0.1126239746809
1226,t,J,0.07008405029773701
386,t,L,0.197488695383071
1524,t,M,0.043518494814634004
1893,t,N,0.017589427530765003
1993,t,Z,0.010365208610892001
908,t,[,0.10614547878503801
1839,t,a,0.020766291767358003
1295,t,b,0.063312761485576
672,t,c,0.139608114957809
1834,t,v,0.021361658349633002
994,t,x,0.09507624804973601
1629,t,z,0.036281794309616006
463,t,{,0.17520998418331102
427,t,~,0.187199592590332
1761,u,"""",0.026822261512279
469,u,%,0.174827933311462
322,u,&,0.21868890523910503
1305,u,",",0.062273945659399005
1799,u,3,0.024124832823872
1714,u,9,0.030175112187862
1788,u,;,0.024916902184486
2054,u,>,0.004810148850083001
52,u,@,0.42253035306930503
939,u,D,0.10147758573293601
1133,u,E,0.080348581075668
281,u,G,0.23325070738792403
326,u,H,0.218347638845443
670,u,M,0.14004805684089602
1730,u,N,0.029003174975514003
995,u,O,0.09492644667625401
776,u,Q,0.12355425208806901
1756,u,R,0.027046041563153003
799,u,S,0.12088407576084101
1431,u,V,0.051642663776874
158,u,W,0.294079482555389
1309,u,X,0.061994478106498004
445,u,a,0.18059223890304502
1334,u,c,0.059992980211973
2196,u,t,0.0
924,u,v,0.10346063971519401
214,u,w,0.263171166181564
1171,u,x,0.076632663607597
416,u,y,0.18948933482170102
1812,u,z,0.023442953824996
966,v,!,0.098184756934642
434,v,"""",0.185117498040199
1442,v,#,0.050614871084690004
1417,v,$,0.05314274877309701
784,v,%,0.12259395420551301
292,v,',0.22777973115444103
1877,v,(,0.018656898289918
1035,v,*,0.090004980564117
1038,v,+,0.089903697371482
1370,v,",",0.056559689342975006
986,v,-,0.09632782638072901
838,v,.,0.11531110852956701
2014,v,/,0.00805589184165
1179,v,0,0.075497359037399
1241,v,4,0.06859433650970401
2060,v,5,0.00455140415579
1045,v,7,0.08917077630758201
2032,v,9,0.006040371954441
936,v,:,0.10165934264659801
1878,v,;,0.018595606088638
582,v,=,0.152477413415908
570,v,C,0.15477772057056402
1469,v,D,0.048289775848388006
1447,v,F,0.050373494625091005
2055,v,H,0.004791202489286
671,v,J,0.13993850350379902
590,v,M,0.151494801044464
1996,v,O,0.009981347247958001
1964,v,P,0.012420207262039
1169,v,T,0.076880604028701
269,v,U,0.23918974399566603
792,v,W,0.12189558893442101
795,v,X,0.12138379365205701
272,v,Y,0.23822987079620303
1769,v,Z,0.026117706671357002
1953,v,[,0.013006844557821001
2061,v,],0.004467802122235001
878,v,c,0.109882220625877
2446,v,p,0.0
2445,v,q,0.0
2444,v,r,0.0
2443,v,s,0.0
2442,v,t,0.0
2441,v,u,0.0
119,v,w,0.32155817747116
567,v,x,0.155366092920303
138,v,y,0.305649727582931
2058,v,z,0.004656914621591001
636,v,~,0.14572499692440002
30,w,"""",0.465796202421188
949,w,#,0.100679486989974
1292,w,$,0.06416580080986001
548,w,%,0.16094431281089702
722,w,&,0.131169915199279
1382,w,',0.055784959346055006
1062,w,*,0.08754351735115001
1990,w,+,0.010463047772645001
1319,w,-,0.06122912466526
1833,w,.,0.021375861018896002
2115,w,/,0.0014745313674210002
1968,w,9,0.011853213422
1297,w,:,0.063161566853523
1604,w,;,0.038570720702409
1711,w,<,0.030390786007046002
333,w,=,0.216740369796752
1951,w,>,0.013123169541358
1098,w,@,0.08378792554140001
1946,w,A,0.013522004708647001
2067,w,B,0.004175633192062001
1723,w,D,0.029789775609970003
1690,w,F,0.032092213630676006
1554,w,G,0.041687566787004006
1632,w,H,0.036027505993843
1350,w,K,0.05867538228631
419,w,M,0.189203172922134
759,w,N,0.125046476721763
1581,w,P,0.039845630526542004
2047,w,Q,0.005167813971638
1337,w,R,0.059646032750606
1306,w,S,0.062088303267955
1739,w,T,0.028582040220499
651,w,U,0.14313465356826702
404,w,V,0.192773774266242
803,w,X,0.120152428746223
1039,w,Y,0.08965697884559601
2041,w,c,0.005456140264868001
2440,w,d,0.0
2448,w,e,0.0
2439,w,f,0.0
2437,w,g,0.0
2447,w,h,0.0
410,w,x,0.190731897950172
303,w,y,0.224231958389282
372,w,~,0.20219239592552102
1437,x,!,0.05114222317934
1473,x,"""",0.04789821058511701
264,x,#,0.24004219472408203
806,x,$,0.12001896649599
728,x,%,0.13068056106567302
19,x,&,0.515766859054565
1880,x,(,0.018499448895454
95,x,*,0.34840035438537603
660,x,+,0.14174886047840102
1209,x,-,0.071867868304252
1416,x,.,0.053157430142164
1924,x,3,0.015079484321177
1101,x,4,0.08355998992919901
1752,x,5,0.027277000248432003
1677,x,6,0.033053178340196006
796,x,8,0.12131912261247602
1094,x,:,0.084706626832485
135,x,<,0.307757288217544
277,x,=,0.234204798936843
1440,x,>,0.050740204751491005
529,x,A,0.16381435096263802
1970,x,B,0.011640771292150002
1825,x,F,0.022195139899849
1308,x,H,0.06201083585619901
299,x,K,0.22475570440292303
904,x,M,0.10631677508354101
346,x,N,0.21148160099983201
1407,x,P,0.05412171408534001
1022,x,Q,0.092066943645477
697,x,R,0.13521571457386
1939,x,S,0.014160649850964002
1489,x,T,0.046743713319301
1919,x,U,0.015666231513023002
1262,x,V,0.066291436553001
524,x,W,0.16501235961914001
136,x,Y,0.30706977844238204
1842,x,\,0.020522253587841002
2095,x,a,0.0026533063501110003
2556,x,p,0.0
2435,x,q,0.0
2433,x,r,0.0
2553,x,s,0.0
2552,x,t,0.0
2551,x,u,0.0
2550,x,v,0.0
2549,x,w,0.0
400,x,y,0.19352960586547802
2129,x,z,0.000944815576076
1230,x,{,0.069688238203525
1176,x,~,0.076021671295166
977,y,!,0.097379140555858
1312,y,#,0.06167045980691901
348,y,%,0.21104234457015902
786,y,&,0.122319504618644
1454,y,',0.049666665494441
656,y,",",0.14270049333572302
2070,y,-,0.0040775667876
1765,y,.,0.026631344109773
2143,y,/,0.000190857797861
2097,y,0,0.002470474690198
1220,y,3,0.070906482636928
1746,y,5,0.027446532621979002
186,y,7,0.27611076831817605
1413,y,8,0.053795985877513004
330,y,9,0.217157930135726
156,y,=,0.29581400752067505
228,y,>,0.25810700654983504
1638,y,B,0.035469055175781
1429,y,D,0.051783382892608004
1234,y,E,0.06934301555156701
172,y,J,0.283583223819732
879,y,L,0.10987512767314901
1435,y,M,0.051208995282649
1148,y,P,0.078717201948165
533,y,Q,0.163457736372947
271,y,U,0.23877722024917603
382,y,V,0.19835482537746402
472,y,W,0.17428474128246302
361,y,X,0.20765133202075903
433,y,Z,0.18547564744949302
1462,y,\,0.048878915607929
802,y,],0.12015689164400101
2548,y,d,0.0
2547,y,e,0.0
2546,y,f,0.0
2545,y,g,0.0
2544,y,h,0.0
2543,y,i,0.0
2542,y,j,0.0
2541,y,k,0.0
2521,y,l,0.0
2560,y,m,0.0
2520,y,n,0.0
2518,y,o,0.0
2494,y,p,0.0
2493,y,q,0.0
2492,y,r,0.0
2491,y,s,0.0
2490,y,t,0.0
2489,y,u,0.0
2488,y,v,0.0
2487,y,w,0.0
2486,y,x,0.0
351,y,z,0.21007150411605802
2065,y,~,0.00424100831151
327,z,#,0.218257471919059
643,z,%,0.144653737545013
1682,z,&,0.032515548169612
1165,z,+,0.077409505844116
810,z,-,0.11886534094810401
495,z,.,0.169542163610458
1712,z,0,0.030367258936166003
748,z,1,0.12714335322380002
54,z,2,0.419086575508117
1801,z,3,0.023993978276848002
153,z,4,0.298053920269012
1868,z,5,0.018935130909085003
2043,z,6,0.005399538204073
204,z,7,0.26804044842720004
1550,z,:,0.042008757591247003
313,z,<,0.221089214086532
241,z,=,0.25301319360733004
683,z,>,0.137901097536087
1817,z,A,0.022766742855310003
2038,z,B,0.005592943169176001
354,z,C,0.20951424539089203
298,z,E,0.22476625442504802
1008,z,H,0.09397824108600601
1366,z,J,0.056766029447317005
56,z,L,0.41515576839447005
1558,z,M,0.041166063398122
413,z,Q,0.190301209688186
1383,z,U,0.055699937045574
2069,z,[,0.004108933731913
808,z,a,0.11949054896831501
227,z,c,0.25883936882019004
2485,z,d,0.0
2483,z,e,0.0
2482,z,f,0.0
2481,z,g,0.0
2480,z,h,0.0
2479,z,i,0.0
2478,z,j,0.0
2477,z,k,0.0
2476,z,l,0.0
2475,z,m,0.0
2484,z,n,0.0
2495,z,o,0.0
2496,z,p,0.0
2497,z,q,0.0
2517,z,r,0.0
2516,z,s,0.0
2515,z,t,0.0
2514,z,u,0.0
2513,z,v,0.0
2512,z,w,0.0
2511,z,x,0.0
2510,z,y,0.0
1296,z,~,0.063220687210559
454,{,!,0.17659235000610302
1028,{,$,0.09072650223970401
2133,{,',0.0006736675277350001
22,{,(,0.508965909481048
1266,{,),0.066019520163536
2024,{,*,0.006721792742609
1700,{,+,0.031247613951563002
1452,{,",",0.049950208514928006
2110,{,.,0.001668751705437
1018,{,/,0.09270283579826301
1211,{,1,0.071853592991828
1681,{,2,0.032584536820650004
618,{,3,0.14853838086128202
465,{,4,0.175132051110267
222,{,5,0.25982975959777804
266,{,6,0.23987945914268402
1122,{,8,0.081771031022071
1218,{,:,0.07096391916275001
1331,{,;,0.060020860284566005
321,{,<,0.219114050269126
661,{,?,0.14161992073059002
1059,{,A,0.087685301899909
762,{,C,0.12464884668588601
1460,{,F,0.048976257443428005
639,{,G,0.145178750157356
1622,{,H,0.036735989153385
954,{,I,0.09959484636783601
1887,{,J,0.018083682283759003
922,{,K,0.10382683575153301
1650,{,L,0.034940648823976
1540,{,R,0.042474031448364
525,{,S,0.16482493281364402
1602,{,X,0.038581579923629004
1192,{,Y,0.074063628911972
14,{,[,0.5340360999107361
969,{,\,0.097912833094596
510,{,c,0.16720725595951003
2509,{,d,0.0
2508,{,e,0.0
2507,{,f,0.0
2506,{,g,0.0
2505,{,h,0.0
2504,{,i,0.0
2503,{,j,0.0
2502,{,k,0.0
2501,{,l,0.0
2500,{,m,0.0
2499,{,n,0.0
2498,{,o,0.0
2385,{,p,0.0
2519,{,q,0.0
2384,{,r,0.0
2336,{,s,0.0
2262,{,t,0.0
2261,{,u,0.0
2260,{,v,0.0
2259,{,w,0.0
2258,{,x,0.0
2257,{,y,0.0
2256,{,z,0.0
692,{,|,0.13639229536056502
247,{,},0.25147199630737305
1267,{,~,0.06588822603225701
293,|,!,0.22692921757698
1952,|,"""",0.013038098812103001
1154,|,$,0.078224390745162
2096,|,',0.002593206241726
390,|,(,0.19580866396427102
392,|,),0.195250689983367
1248,|,*,0.068110704421997
1942,|,",",0.013921577483415002
1738,|,-,0.028619702905416003
746,|,.,0.12772729992866502
164,|,/,0.29014453291893
654,|,1,0.14271193742752
653,|,:,0.142797023057937
715,|,;,0.132621496915817
1965,|,<,0.012382835149765
2086,|,@,0.0031017095316200004
15,|,I,0.529882133007049
455,|,J,0.176569044589996
734,|,K,0.129449754953384
140,|,L,0.304116874933242
1920,|,O,0.015351763926446
378,|,P,0.200941264629364
1879,|,Q,0.018561815842986003
1245,|,R,0.068211629986763
1408,|,S,0.054057694971561
160,|,T,0.292054623365402
1406,|,U,0.054153561592102
1687,|,X,0.032245453447103
756,|,Y,0.125932872295379
63,|,[,0.40025079250335605
704,|,\,0.134544089436531
429,|,],0.186362922191619
1502,|,b,0.045355018228292
2255,|,d,0.0
2263,|,e,0.0
2254,|,f,0.0
2252,|,g,0.0
2251,|,h,0.0
2250,|,i,0.0
2249,|,j,0.0
2248,|,k,0.0
2247,|,l,0.0
2246,|,m,0.0
2245,|,n,0.0
2244,|,o,0.0
2253,|,p,0.0
2264,|,q,0.0
2265,|,r,0.0
2266,|,s,0.0
2286,|,t,0.0
2285,|,u,0.0
2284,|,v,0.0
2283,|,w,0.0
2282,|,x,0.0
2281,|,y,0.0
2280,|,z,0.0
2279,|,{,0.0
408,|,},0.19126576185226402
1475,},!,0.047866646200418
752,},$,0.12619456648826602
1567,},&,0.040685668587684
800,},(,0.12076500058174101
8,},),0.585684061050415
1391,},.,0.055261548608541
828,},/,0.11654736846685401
837,},0,0.11536239087581601
291,},1,0.22794899344444203
209,},3,0.265195906162261
1894,},6,0.017556661739945002
513,},7,0.16681841015815702
829,},8,0.11623489856719901
2022,},9,0.007014248520135001
547,},:,0.160958513617515
148,},;,0.30213162302970803
1549,},<,0.04201366007328
113,},>,0.327457398176193
425,},?,0.18749463558197002
814,},@,0.118367910385131
1527,},A,0.043408531695604005
1589,},B,0.039522521197795
431,},G,0.18558719754219002
286,},I,0.23027655482292103
577,},J,0.153897076845169
1026,},O,0.09116394072771
783,},P,0.122723184525966
1510,},R,0.044474869966506
383,},S,0.19814133644104
450,},\,0.178337097167968
33,},],0.45630025863647405
596,},a,0.151035457849502
2278,},d,0.0
2277,},e,0.0
2276,},f,0.0
2275,},g,0.0
2274,},h,0.0
2273,},i,0.0
2272,},j,0.0
2271,},k,0.0
2270,},l,0.0
2269,},m,0.0
2268,},n,0.0
2267,},o,0.0
2243,},p,0.0
2242,},q,0.0
2241,},r,0.0
2218,},s,0.0
2217,},t,0.0
2216,},u,0.0
2215,},v,0.0
2214,},w,0.0
2213,},x,0.0
2212,},y,0.0
2211,},z,0.0
2210,},{,0.0
2209,},|,0.0
1379,~,!,0.055954024195671005
60,~,"""",0.404067337512969
953,~,#,0.09960185736417701
1474,~,$,0.047873433679342006
1206,~,%,0.07238919287919901
320,~,',0.21928986907005302
621,~,*,0.14817684888839702
338,~,+,0.21540078520774802
1561,~,",",0.041063617914915
308,~,-,0.22214563190937
690,~,.,0.13684161007404302
1934,~,2,0.014419490471482001
1816,~,4,0.023052545264363
1138,~,5,0.07965382188558501
2093,~,6,0.0027038194239130003
1654,~,7,0.034826658666133
2028,~,8,0.006317161023616001
1277,~,:,0.06515860557556101
2099,~,<,0.002108056098222
402,~,=,0.19285096228122703
1630,~,?,0.036183811724185
311,~,C,0.22152721881866402
1205,~,E,0.072492383420467
624,~,F,0.147947818040847
1767,~,H,0.026158645749092
1826,~,J,0.021731859073042002
1080,~,L,0.085952304303646
1128,~,M,0.080631449818611
1251,~,N,0.067450486123561
1097,~,T,0.0842225253582
1079,~,V,0.085985608398914
1973,~,W,0.011427175253629001
1676,~,Y,0.03320137783885
1551,~,[,0.041992146521806
1789,~,\,0.024898286908864004
555,~,c,0.159563899040222
2208,~,d,0.0
2206,~,e,0.0
2205,~,f,0.0
2204,~,g,0.0
2203,~,h,0.0
2202,~,i,0.0
2201,~,j,0.0
2200,~,k,0.0
2199,~,l,0.0
2198,~,m,0.0
2207,~,n,0.0
2219,~,o,0.0
2229,~,p,0.0
2220,~,q,0.0
2239,~,r,0.0
2238,~,s,0.0
2237,~,t,0.0
2236,~,u,0.0
2235,~,v,0.0
2234,~,w,0.0
2233,~,x,0.0
2232,~,y,0.0
2231,~,z,0.0
2240,~,{,0.0
2230,~,|,0.0
2228,~,},0.0
